https://code4fukui.github.io/rdf/#rows,https://code4fukui.github.io/rdf/#consonant,https://code4fukui.github.io/rdf/#type_of_trash,https://schema.org/keywords,https://schema.org/category,https://code4fukui.github.io/rdf/#conditions_of_collection,https://code4fukui.github.io/rdf/#classification
あ,あ,アイスノン（保冷剤）,あいすのん,燃やせないごみ,,
あ,あ,アイロン,あいろん,小型家電回収ボックス・燃やせないごみ,約16cm×27cm以下なら「小型家電回収ボックス」へ。「燃やせないごみ」に出すこともできます。,電気製品
あ,あ,アイロン台（木製）,あいろんだい,燃やせるごみ・粗大ごみ,袋に入る大きさ・持ち上げても袋が破れない重さまでは「燃やせるごみ」へ。それ以外は「粗大ごみ」へ,日用品
あ,あ,アイロン台（金属製）,あいろんだい,燃やせないごみ・拠点回収,袋に入る大きさ・持ち上げても袋が破れない重さまでは「燃やせないごみ」へ。それ以外は「拠点回収」へ,日用品
あ,あ,赤チン（マーキュロクロム液）,あかちん,有害ごみ,,医療品
あ,あ,空き缶（飲料・食料用）,あきかん,空き缶,缶の中身は完全に使い切り、水洗い。１斗缶の半分まで。飲食料用以外は「燃やせないごみ」へ。  缶詰などの取り外したふたは、「燃やせないごみ」へ、取り外してないものは、そのまま「空き缶」へ。  お茶、海苔、お菓子などの缶のふたは、そのまま「空き缶」へ。,食
あ,あ,空き缶（飲料・食料用以外）,あきかん,燃やせないごみ,ペンキ・ワックス缶（中身は完全に使い切る）、貯金箱、小物入れなど、一斗缶は粗大ごみ,日用品
あ,あ,空き瓶（飲料・食品用）,あきびん,空きびん,フタを取り、中を洗い、色別カゴヘ。  金属性蓋は「燃やせないごみ」、プラスチック製の蓋は「プラスチック製容器包装ごみ」へ,食
あ,あ,空き瓶（飲料・食品用以外）,あきびん,燃やせないごみ,化粧品、小物入れ、香水、医薬品のびん（塗り薬など、経口薬以外の薬のびん）。  プラスチック製の蓋は「プラスチック製容器包装ごみ」へ,日用品
あ,あ,アコーディオンカーテン,あこーでぃおんかーてん,粗大ごみ,,住
あ,あ,味付海苔容器（ガラス製）,あじつけのりようき,空きびん,フタを取り、色別カゴへ。プラスチック製の蓋は「プラスチック製容器包装ごみ」へ,食
あ,あ,味付海苔容器（プラスチック製）,あじつけのりようき,プラスチック製容器包装ごみ,,食
あ,あ,アスファルト,あすふぁると,収集できません,産業廃棄物処分場へ,その他
あ,あ,アスベスト,あすべすと,収集できません,特別管理産業廃棄物処分場へ,住
あ,あ,あぜシート,あぜしーと,収集できません,農協へ相談,ガーデニング、農業
あ,あ,アタッシュケース,あたっしゅけーす,粗大ごみ,,日用品
あ,あ,油（食用）,あぶら,燃やせるごみ,紙や布にしみこませて出す,食
あ,あ,油ビン（食料用）,あぶらびん,空きびん,フタを取り、中を洗い、色別カゴへ。  金属性蓋は「燃やせないごみ」、プラチック製の蓋は「プラスチック製容器包装ごみ」へ,食
あ,あ,雨カッパ,あまかっぱ,燃やせないごみ,,衣
あ,あ,雨具（ゴム・ナイロン製）,あまぐ,燃やせないごみ,縦横1m以内に切って出す,衣
あ,あ,網（漁業用）,あみ,収集できません,産業廃棄物処分場へ,ガーデニング、農業
あ,あ,網（昆虫採集、魚釣り用）,あみ,燃やせないごみ,,趣味・レジャー用品
あ,あ,編み機,あみき,粗大ごみ,,日用品
あ,あ,網戸,あみど,粗大ごみ,,住
あ,あ,アルバム(写真),あるばむ,燃やせるごみ,,日用品
あ,あ,アルミ箔（台所用）,あるみはく,燃やせないごみ,食べ残しはきれいに取り除き、「燃やせないごみ」へ,食
あ,あ,アルミサッシ,あるみさっし,拠点回収,サッシ等、最長辺の長さが１．８メートル以下にして出す。,住
あ,あ,あんか,あんか,小型家電回収ボックス・  燃やせないごみ・拠点回収,約16cm×27cm以下なら「小型家電回収ボックス」へ。  また、袋に入る大きさ・持ち上げても袋が破れない重さまでは「燃やせないごみ」へ出すこともできます。  それ以外は「粗大ごみ」へ。,電気製品
あ,あ,アンテナ,あんてな,粗大ごみ,最長辺の長さが１．８メートル以下。大きい物は清掃センターに問合せ。,電気製品
あ,あ,アンプ,あんぷ,粗大ごみ,,電気製品
あ,い,石,いし,収集できません,販売店、造園業者または産業廃棄物処理業者に相談,その他
あ,い,衣装ケース（木製・紙製）,いしょうけーす,粗大ごみ,,日用品
あ,い,衣装ケース（金属製）,いしょうけーす,拠点回収,,日用品
あ,い,衣装ケース（プラスチック製）,いしょうけーす,粗大ごみ,,日用品
あ,い,いす,いす,粗大ごみ,最長辺の長さが１．８メートル以下。大きい物は清掃センターに問合せ。,住
あ,い,一輪車,いちりんしゃ,拠点回収,,趣味・レジャー用品
あ,い,一輪車のタイヤ,いちりんしゃのたいや,燃やせないごみ,,趣味・レジャー用品
あ,い,一升瓶,いっしょうびん,あきびん,,食
あ,い,一斗缶（家庭用に限る）,いっとかん,燃やせないごみ・拠点回収,,食
あ,い,犬小屋,いぬごや,粗大ごみ,,ペット
あ,い,犬の死骸,いぬのしがい,収集できません,南越清掃組合へ連絡,ペット
あ,い,位牌,いはい,収集できません,願い寺へ相談,その他
あ,い,イヤホン,いやほん,小型家電回収ボックス・燃やせないごみ,,電気製品
あ,い,医療用廃棄物,いりょうようはいきぶつ,収集できません,医療機関に返却するか専門業者に委託。在宅医療系、廃棄物、非鋭利、非感染症は「燃やせるごみ」へ,医療品
あ,い,衣類,いるい,燃やせるごみ,１メートル以内に切って出す,衣
あ,い,衣類乾燥機,いるいかんそうき,家電リサイクル品,販売店に依頼。廃棄物収集運搬業者に依頼も可。リサイクル料金が必要,電気製品
あ,い,入れ歯,いれば,燃やせるごみ,,その他
あ,い,印鑑・はんこ（木製・象牙製）,"いんかん,はんこ",燃やせるごみ,,日用品
あ,い,印鑑・はんこ（プラスチック製）,"いんかん,はんこ",燃やせないごみ,,日用品
あ,い,インクカートリッジ,いんくかーとりっじ,インクカートリッジ回収ボックス,市役所、総合支所、各公民館、図書館にボックス設置,日用品
あ,い,飲料用紙パック（ジュースなど）,いんりょうようかみぱっく,燃やせるごみ,内面アルミ貼りのもの,食
あ,う,ウインドファン,ういんどふぁん,粗大ごみ,冷房機能がないものに限る,電気製品
あ,う,植木鉢（焼物）,うえきばち,燃やせないごみ・粗大ごみ,袋に入る大きさ・持ち上げても袋が破れない重さまでは「燃やせないごみ」へ。それ以外は「粗大ごみ」へ,ガーデニング、農業
あ,う,植木鉢（プラスチック）,うえきばち,燃やせないごみ・粗大ごみ,袋に入る大きさ・持ち上げても袋が破れない重さまでは「燃やせないごみ」へ。それ以外は「粗大ごみ」へ,ガーデニング、農業
あ,う,浮き輪・浮き袋等,"うきわ,うきぶくろ",燃やせないごみ,空気を抜いて出す,趣味・レジャー用品
あ,う,うちわ（プラスチック部品あり）,うちわ,燃やせないごみ,,日用品
あ,う,うちわ（木製部品のみ）,うちわ,燃やせるごみ,,日用品
あ,う,腕時計,うでどけい,小型家電回収ボックス・燃やせないごみ,電池は取り除く。  約16cm×27cm以下なら「小型家電回収ボックス」へ。「燃やせないごみ」に出すこともできます。,電気製品
あ,う,乳母車,うばぐるま,粗大ごみ,,日用品
あ,う,羽毛布団,うもうぶとん,粗大ごみ,,住
あ,え,エアコン,えあこん,家電リサイクル品,販売店へ相談してください。廃棄物運搬業者に頼むこともできる。リサイクル料金必要。,電気製品
あ,え,エアーキャップ（プチプチ）,えあーきゃっぷ,プラスチック製容器包装ごみ,家庭用に限る,日用品
あ,え,液晶テレビ,えきしょうてれび,家電リサイクル品,販売店に依頼。廃棄物収集運搬業者に依頼も可。リサイクル料金が必要,電気製品
あ,え,絵の具チューブ,えのぐちゅーぶ,燃やせないごみ,,雑貨
あ,え,"ＭＤ,ＣＤ,ＬＤ,DVD","えむでぃー,しーでぃー,えるでぃー,でぃーぶいでぃー",燃やせないごみ,ケースも「燃やせないごみ」へ,雑貨
あ,え,ＬＥＤ電球・ライト,えるいーでぃー,有害ごみ,,電気製品
あ,え,エレクトーン,えれくとーん,拠点回収,最長辺１．８メートル以上の物は清掃センターに問合せ。,電気製品
あ,え,エンジンオイル,えんじんおいる,収集できません,販売店またはご利用いただいているスタンド等にご相談ください。,乗り物（自動車ほか）
あ,え,延長コード・電気コード,えんちょうこーど・でんきこーど,小型家電回収ボックス・燃やせないごみ,家庭用に限る。「燃やせないごみ」に出す場合は、１m以内に切る。,日用品
あ,え,鉛筆,えんぴつ,燃やせるごみ,,日用品
あ,え,鉛筆削り（手動式）,えんぴつけずり,燃やせないごみ,,日用品
あ,え,鉛筆削り（電動式）,えんぴつけずり,小型家電回収ボックス,,日用品
あ,え,塩ビパイプ（家庭用に限る）,えんびぱいぷ,燃やせないごみ,30cm以内に切って出す,住
あ,お,オイル（自動車用）,おいる,収集できません,販売店に相談,乗り物（自動車ほか）
あ,お,応接セット,おうせつせっと,粗大ごみ,,住
あ,お,オートバイ,おーとばい,収集できません,販売店へ返すか、専門業者に委託,乗り物（自動車ほか）
あ,お,オーブンレンジ,おーぶんれんじ,粗大ごみ,,電気製品
あ,お,オーブントースター,おーぶんとーすたー,小型家電回収ボックス・燃やせないごみ・拠点回収,約16cm×27cm以下なら「小型家電回収ボックス」へ。  また、袋に入る大きさ・持ち上げても袋が破れない重さまでは「燃やせないごみ」へ出すこともできます。  それ以外は「粗大ごみ」へ。,電気製品
あ,お,おけ（木製）,おけ,燃やせるごみ・粗大ごみ,袋に入る大きさ・持ち上げても袋が破れない重さまでは「燃やせるごみ」へ。それ以外は「粗大ごみ」へ,日用品
あ,お,おけ（金属・プラスチック製）,おけ,燃やせないごみ・粗大ごみ,袋に入る大きさ・持ち上げても袋が破れない重さまでは「燃やせないごみ」へ。それ以外は「拠点回収」へ,日用品
あ,お,おしゃぶり,おしゃぶり,燃やせないごみ,,雑貨
あ,お,お玉（木製）,おたま,燃やせるごみ,,日用品
あ,お,お玉（金属・プラスチック製）,おたま,燃やせないごみ,,日用品
あ,お,落ち葉・枯れ葉,おちば,燃やせるごみ,,ガーデニング、農業
あ,お,斧,おの,燃やせないごみ・拠点回収,よき(巻き割りに使う斧のようなもの）も「粗大ごみ」へ。,ガーデニング、農業
あ,お,おまる（子供用）,おまる,燃やせないごみ・粗大ごみ,袋に入る大きさ・持ち上げても袋が破れない重さまでは「燃やせないごみ」へ。それ以外は「拠点回収」へ,住
あ,お,おもちゃ類,おもちゃるい,燃やせないごみ・粗大ごみ,袋に入る大きさ・持ち上げても袋が破れない重さまでは「燃やせないごみ」へ。それ以外は「粗大ごみ」へ,日用品
あ,お,おもちゃ類（電動式）,おもちゃるい　でんどうしきおもちゃ,小型家電回収ボックス・燃やせないごみ・拠点回収,電池は取り除く。  約16cm×27cm以下なら「小型家電回収ボックス」へ。  また、袋に入る大きさ・持ち上げても袋が破れない重さまでは「燃やせないごみ」へ出すこともできます。  それ以外は「粗大ごみ」へ。,電気製品
あ,お,オルガン,おるがん,拠点回収,最長辺１．８メートル以上の物は清掃センターに問合せ。,趣味・レジャー用品
あ,お,おろし金,おろしがね,燃やせないごみ,,食
あ,お,温水器,おんすいき,粗大ごみ,最長辺１．８メートル以上の物は清掃センターに問合せ。,電気製品
か,か,カーテン,かーてん,粗大ごみ,但し、布製のものは、縦横１メートル以内に切れば「燃やせるごみ」へ出せます。,住
か,か,カーテンレール,かーてんれーる,粗大ごみ,袋に入る大きさ・持ち上げても袋が破れない重さまでで木製なら「燃やせるごみ」へ。金属製なら「燃やせないごみ」へ。それ以外は「粗大ごみ」へ,住
か,か,カード,かーど,燃やせないごみ,キャッシュカード等,雑貨
か,か,カーナビ,かーなび,小型家電回収ボックス・燃やせないごみ,,電気製品
か,か,カーペット,かーぺっと,粗大ごみ,,住
か,か,カーボン紙,かーぼんし,燃やせるごみ,,日用品
か,か,貝殻類,かいがらるい,燃やせるごみ,,食
か,か,懐中電灯,かいちゅうでんとう,小型家電回収ボックス・  燃やせないごみ,電池は取り除く。  約16cm×27cm以下なら「小型家電回収ボックス」へ。「燃やせないごみ」に出すこともできます。,電気製品
か,か,カイロ（使い捨て）,"かいろ,つかいすてかいろ",燃やせないごみ,使用前のものは発火の恐れがあるので使ってから出す。  一番外側のビニール製の袋は「プラスチック製容器包装ごみ」へ,日用品
か,か,化学薬品,かがくやくひん,収集できません,販売店へ相談,その他
か,か,鏡,かがみ,燃やせないごみ・粗大ごみ,袋に入る大きさ・持ち上げても袋が破れない重さまでは「燃やせないごみ」へ。それ以外は「粗大ごみ」へ,住
か,か,額縁（木製）,がくぶち,燃やせるごみ・粗大ごみ,袋に入る大きさ・持ち上げても袋が破れない重さまでは「燃やせるごみ」へ。それ以外は「粗大ごみ」へ,住
か,か,額縁（金属・プラスチック製）,がくぶち,燃やせないごみ・粗大ごみ,袋に入る大きさ・持ち上げても袋が破れない重さまでは「燃やせないごみ」へ。それ以外は「粗大ごみ」へ,住
か,か,家具類,かぐるい,粗大ごみ,最長辺１．８メートル以上の物は清掃センターへ問合せ。,住
か,か,傘,かさ,燃やせないごみ,袋からはみ出してもよい,日用品
か,か,火災廃材,かさいはいざい,収集できません,解体業者へ相談,住
か,か,加湿器,かしつき,小型家電回収ボックス・  燃やせないごみ・粗大ごみ,約16cm×27cm以下なら「小型家電回収ボックス」へ。  また、袋に入る大きさ・持ち上げても袋が破れない重さまでは「燃やせないごみ」へ出すこともできます。  それ以外は「粗大ごみ」へ。,電気製品
か,か,菓子箱（紙製）,かしばこ,古紙回収,折りたたんで古紙回収の「雑誌類」へ,食
か,か,菓子缶（金属製）,かしかん,空き缶,１斗缶の半分まで,食
か,か,菓子袋（プラスチック製）,かしぶくろ,プラスチック製容器包装ごみ,中身を取り出し、きれいにして出す,食
か,か,菓子袋（紙製）,かしぶくろ,古紙回収,折りたたんで古紙回収の「雑誌類」へ,食
か,か,ガスコンロ,がすこんろ,粗大ごみ,,住
か,か,ガスボンベ,がすぼんべ,収集できません,ガス販売店等に引き取ってもらう,住
か,か,ガスレンジ,がすれんじ,粗大ごみ,電池は取り外して、「有害ごみ」へ。,住
か,か,カセットボンベ,かせっとぼんべ,スプレー・ボンベ類,火気のない風通しのよい場所でガス抜きキャップなどで中身を出し切り専用カゴへ。,食
か,か,カセットコンロ,かせっとこんろ,燃やせないごみ・粗大ごみ,30cm角以内の物は「燃やせないごみ」へ。それ以外は「粗大ごみ」へ,食
か,か,カセットテープ,かせっとてーぷ,燃やせるごみ,ケースはプラスチックの場合は「燃やせないごみ」へ。紙ケースは「古紙回収」へ,雑貨
か,か,カセットデッキ,かせっとでっき,小型家電回収ボックス・燃やせないごみ,,電気製品
か,か,楽器類,がっきるい,粗大ごみ,最長辺１．８メートル以上の物は清掃センターへ問合せ。,趣味・レジャー用品
か,か,カッター,かったー,燃やせないごみ,刃にガムテープ等を巻いて袋に「刃物」と表示,日用品
か,か,カッパ（雨カッパ）,かっぱ,燃やせないごみ,,衣
か,か,カップ麺の容器等,かっぷめんのようきとう,プラスチック製容器包装ごみ,紙製の場合は燃やせるごみへ。外装フィルムは「プラスチック製容器包装ごみ」へ,食
か,か,かつら・髪の毛,"かつら,かみのけ",燃やせるごみ,,衣
か,か,金づち,かなづち,燃やせないごみ,,日用品
か,か,画びょう,がびょう,燃やせないごみ,,日用品
か,か,花瓶,かびん,燃やせないごみ・粗大ごみ,袋に入る大きさ・持ち上げても袋が破れない重さまでは「燃やせないごみ」へ。それ以外は「粗大ごみ」へ,雑貨
か,か,カプセル（おもちゃ用）,かぷせる,燃やせないごみ,ガチャガチャ等。プラマークがあれば「プラスチック製容器包装」へ,趣味・レジャー用品
か,か,鎌,かま,燃やせないごみ,刃にガムテープ等を巻いて袋に「刃物」と表示。包丁も同じ,ガーデニング、農業
か,か,釜,かま,燃やせないごみ・粗大ごみ,袋に入る大きさ・持ち上げても袋が破れない重さまでは「燃やせないごみ」へ。それ以外は「粗大ごみ」へ,食
か,か,紙おむつ,かみおむつ,燃やせるごみ,汚物は取り除きトイレに捨て、紙おむつは「燃やせるごみ」へ,日用品
か,か,紙コップ・紙さら,"かみこっぷ,かみさら",燃やせるごみ,,食
か,か,かみそり,かみそり,燃やせないごみ,刃にガムテープを巻いて出す。袋に「刃物」と表示,日用品
か,か,紙ねんど,かみねんど,燃やせるごみ,,趣味・レジャー用品
か,か,紙袋,かみぶくろ,古紙回収,雑誌とまとめて縛る,日用品
か,か,ガムテープ,がむてーぷ,燃やせるごみ,布製、紙製は燃やせるごみ　その他は燃やせないごみ,日用品
か,か,カメラ,かめら,小型家電回収ボックス・燃やせないごみ,電池は取り除く。  約16cm×27cm以下なら「小型家電回収ボックス」へ。「燃やせないごみ」に出すこともできます。,電気製品
か,か,蚊帳,かや,粗大ごみ,１m以内に折りたたむ,住
か,か,火薬,かやく,収集できません,火薬専門店へ相談,その他
か,か,カラーボックス,からーぼっくす,粗大ごみ,最長辺１．８メートル以上の物は清掃センターへ問合せ。,住
か,か,ガラス,がらす,燃やせないごみ,新聞紙などでくるみ、袋に「ガラス」と表示。飲料用のガラス瓶は「あきびん」に色分けして出す,住
か,か,カレンダー,かれんだー,古紙回収,雑誌とまとめて縛る。金具等ははずして「燃やせないごみ」へ,日用品
か,か,皮製品,かわせいひん,燃やせないごみ,くつ、かばん類,衣
か,か,瓦,かわら,収集できません,葺き替えで出たものは業者に処分を依頼。,住
か,か,換気扇,かんきせん,燃やせないごみ・粗大ごみ,袋に入る大きさ・持ち上げても袋が破れない重さまでは「燃やせないごみ」へ。それ以外は「粗大ごみ」へ,住
か,か,乾燥機(衣類),かんそうき,家電リサイクル品,販売店へ(H21年4月から追加)廃棄物運搬業者にも依頼できる。但し、リサイクル料金必要,電気製品
か,か,乾燥剤（食品用）,かんそうざい,燃やせないごみ,紙製の場合は「燃やせるごみ」へ,食
か,か,浣腸,かんちょう,燃やせるごみ,衛生のため焼却（中身は完全に使い切る）,医療品
か,か,乾電池,かんでんち,有害ごみ,,電気製品
か,か,乾電池（充電式・ボタン型）,かんでんち,販売店で回収,,電気製品
か,か,感熱紙,かんねつし,燃やせるごみ,,日用品
か,き,キーボード,きーぼーど,小型家電回収ボックス・燃やせないごみ,中の電池は「有害ごみ」専用カゴへ。,電気製品
か,き,ギター,ぎたー,粗大ごみ,,趣味・レジャー用品
か,き,着物,きもの,燃やせるごみ,１m以内に切って出す,衣
か,き,脚立,きゃたつ,粗大ごみ,,日用品
か,き,牛乳パック,ぎゅうにゅうぱっく,販売店回収・古紙回収,切り開いて販売店もしくは古紙回収へ,食
か,き,給油ポンプ,きゅうゆぽんぷ,燃やせないごみ,電池ははずして、「有害ごみ」へ,日用品
か,き,鏡台（ドレッサー）,きょうだい,粗大ごみ,,日用品
か,き,霧吹き,きりふき,燃やせないごみ,,日用品
か,き,銀紙,ぎんがみ,燃やせるごみ,,日用品
か,き,金魚ばち,きんぎょばち,燃やせないごみ・粗大ごみ,袋に入る大きさ・持ち上げても袋が破れない重さまでは「燃やせないごみ」へ。それ以外は「粗大ごみ」へ,趣味・レジャー用品
か,き,金庫,きんこ,粗大ごみ,一般家庭用（二人で持てるくらいの重さ）であれば粗大ごみへ。それ以上であれば業者回収。,住
か,く,空気入れ（自転車用等）,くうきいれ,燃やせないごみ,「燃やせないごみ」へ,趣味・レジャー用品
か,く,空気清浄機,くうきせいじょうき,拠点回収,,電気製品
か,く,くぎ,くぎ,燃やせないごみ,刺さらないようにテープでまとめて出す,住
か,く,くさ・雑草,"くさ,ざっそう",燃やせるごみ,泥・土等は完全に落とす。大量にある場合は直接搬入,ガーデニング、農業
か,く,草刈り機,くさかりき,粗大ごみ,火災防止のため燃料は使い切る。,ガーデニング、農業
か,く,櫛,くし,燃やせないごみ,木製は「燃やせるごみ」へ,日用品
か,く,薬,くすり,燃やせるごみ,医療廃棄物・農薬は産業廃棄物処理業者に相談,医療品
か,く,くすり瓶（経口薬）錠剤・粒剤・飲み薬,"くすりびん,けいこうやく,じょうざい,りゅうざい,のみぐすり",空き瓶,,医療品
か,く,くすり瓶（経口薬以外）塗り薬、育毛剤等,"くすりびん,ぬりぐすり,いくもうざい",燃やせないごみ,中を洗って出す,医療品
か,く,くすり瓶（農薬、薬品）,"くすりびん,のうやく,やくひん",販売店で回収,販売店へ相談,ガーデニング、農業
か,く,くすり（カプセル）の入ったケース,"くすり,かぷせる,けーす",プラスチック製容器包装ごみ,,医療品
か,く,くだもの等の保護材,くだものなどのほござい,プラスチック製容器包装ごみ,,食
か,く,くつ・ズック,くつ・ずっく,燃やせないごみ,,衣
か,く,クッキングペーパー,くっきんぐぺーぱー,燃やせるごみ,,食
か,く,靴下,くつした,燃やせるごみ,,衣
か,く,クッション,くっしょん,燃やせるごみ,指定の袋に入る大きさまで,住
か,く,グラス,がらす,燃やせないごみ,,食
か,く,クリーニングのビニール袋,"くりーにんぐ,びにーるぶくろ",プラスチック製容器包装ごみ,,衣
か,く,クリップ,くりっぷ,燃やせないごみ,,雑貨
か,く,車イス,くるまいす,粗大ごみ,,医療品
か,く,クレヨン,くれよん,燃やせるごみ,,日用品
か,く,グローブ（野球用）,ぐろーぶ,燃やせないごみ,,趣味・レジャー用品
か,く,グローランプ（点灯管）,ぐろーらんぷ,燃やせないごみ,,電気製品
か,く,くわ,くわ,粗大ごみ,,ガーデニング、農業
,,クーラー,くーらー,家電リサイクル品,販売店に依頼。廃棄物収集運搬業者に依頼も可。リサイクル料金が必要。,電気製品
か,く,クーラーボックス,くーらーぼっくす,粗大ごみ,,趣味・レジャー用品
,,軍手,ぐんて,燃やせるごみ,,日用品
か,け,蛍光灯（1.6m以下）,けいこうとう,有害ごみ,,電気製品
か,け,計算機(電卓),"けいさんき,でんたく",小型家電回収ボックス・燃やせないごみ,電池は取り除く。  約16cm×27cm以下なら「小型家電回収ボックス」へ。「燃やせないごみ」に出すこともできます。,電気製品
か,け,携帯電話,けいたいでんわ,小型家電回収ボックス・販売店で回収,充電器も販売店又は「小型家電回収ボックス」へ。,電気製品
か,け,携帯用液晶テレビ,けいたいようえきしょうてれび,小型家電回収ボックス,電池は取り除き「有害ごみ」へ,電気製品
か,け,消しごむ,けしごむ,燃やせないごみ,,雑貨
か,け,化粧台,けしょうだい,粗大ごみ,,日用品
か,け,化粧品びん,けしょうひんびん,燃やせないごみ,,日用品
か,け,下駄,げた,燃やせるごみ,,衣
か,け,ケチャップの容器,けちゃっぷのようき,プラスチック製容器包装ごみ,汚れを取って出す。マヨネーズの容器も同じ,食
か,け,血圧計（水銀式）,けつあつけい,有害ごみ,,医療品
か,け,血圧計（デジタル式）,けつあつけい,小型家電回収ボックス・燃やせないごみ,中の電池は「有害ごみ」専用カゴへ。,医療品
か,け,ゲーム機,げーむき,小型家電回収ボックス・燃やせないごみ,,趣味・レジャー用品
か,け,ゲームソフト,げーむそふと,燃やせないごみ,,趣味・レジャー用品
か,け,建築廃材,けんちくはいざい,収集できません,解体業者へ相談,住
か,こ,硬質プラスチック,こうしつぷらすちっく,燃やせないごみ,ボウリングの球など重量物は直接搬入,雑貨
か,こ,工具,こうぐ,小型家電回収ボックス・燃やせないごみ・粗大ごみ,電池は取り除く。  約16cm×27cm以下なら「小型家電回収ボックス」へ。  また、袋に入る大きさ・持ち上げても袋が破れない重さまでは「燃やせないごみ」へ出すこともできます。  それ以外は「粗大ごみ」へ。,日用品
か,こ,ゴーグル,ごーぐる,燃やせないごみ,,趣味・レジャー用品
か,こ,広告チラシ,こうこくちらし,古紙回収,,日用品
か,こ,香水の瓶,こうすいのびん,燃やせないごみ,,日用品
か,こ,コート,こーと,燃やせるごみ,１メートル以内に切って出す,衣
か,こ,コード類,こーどるい,小型家電回収ボックス・燃やせないごみ,「燃やせないごみ」として出すなら、1m以内に切って出す。,電気製品
か,こ,コードリール,こーどりーる,燃やせないごみ,,電気製品
か,こ,コーヒーメーカー,こーひーめーかー,小型家電回収ボックス・  燃やせないごみ・粗大ごみ,約16cm×27cm以下なら「小型家電回収ボックス」へ。  また、袋に入る大きさ・持ち上げても袋が破れない重さまでは「燃やせないごみ」へ出すこともできます。  それ以外は「粗大ごみ」へ。,電気製品
か,こ,固形石鹸,こけいせっけん,燃やせるごみ,,日用品
か,こ,ござ,ござ,粗大ごみ,,住
か,こ,こたつ（やぐら、板）,"こたつ,やぐら,いた",粗大ごみ,,電気製品
か,こ,コップ,こっぷ,燃やせないごみ,紙製のコップは「燃やせるごみ」へ,日用品
か,こ,小鳥の糞,ことりのふん,燃やせるごみ,,ペット
か,こ,粉ミルクの缶,こなみるくのかん,あきかん,,食
か,こ,ごみ箱（プラスチック製）,ごみばこ,燃やせないごみ・粗大ごみ,袋に入る大きさ・持ち上げても袋が破れない重さまでは「燃やせないごみ」へ。それ以外は「粗大ごみ」へ,住
か,こ,ゴム手袋,ごむてぶくろ,燃やせないごみ,,日用品
か,こ,ゴムマット,ごむまっと,燃やせないごみ・粗大ごみ,袋に入る大きさ・持ち上げても袋が破れない重さまでは「燃やせないごみ」へ。それ以外は「粗大ごみ」へ,住
か,こ,コピー機（卓上用）,こぴーき,燃やせないごみ・拠点回収,,電気製品
か,こ,コピー機（事務用）,こぴーき,収集できません,産業廃棄物処理業者へ。,電気製品
か,こ,米びつライサー,こめびつらいさー,粗大ごみ,,食
か,こ,ゴルフバッグ・クラブ,"ごるふばっぐ,くらぶ",粗大ごみ,,趣味・レジャー用品
か,こ,コンクリート（コンクリートブロック含む）,"こんくりーと,ぶろっく",収集できません,産業廃棄物処分場へ　但し、物干し台は直接搬入,その他
か,こ,コンタクトレンズ,こんたくとれんず,燃やせるごみ,衛生のため焼却,医療品
か,こ,コンドーム,こんどーむ,燃やせるごみ,衛生のため焼却,医療品
か,こ,コンロ,こんろ,拠点回収,,食
さ,さ,座椅子,ざいす,粗大ごみ,,住
さ,さ,サイドボード,さいどぼーど,粗大ごみ,,住
さ,さ,財布,さいふ,燃やせないごみ,,雑貨
さ,さ,サインペン,さいんぺん,燃やせないごみ,,日用品
さ,さ,サークル（ベビーサークル）,さーくる,粗大ごみ,,住
さ,さ,酒ケース,さけけーす,店頭回収,,食
さ,さ,座卓,ざたく,粗大ごみ,,住
さ,さ,サッカーボール,さっかーぼーる,燃やせないごみ,,趣味・レジャー用品
さ,さ,雑誌,ざっし,古紙回収,,日用品
さ,さ,サーフィンボード,さーふぃんぼーど,粗大ごみ,,趣味・レジャー用品
さ,さ,座布団,ざぶとん,粗大ごみ,,住
さ,さ,皿（紙製・木製）,さら,燃やせるごみ,,食
さ,さ,皿（陶磁器・ガラス製）,さら,燃やせないごみ,,食
さ,さ,ざる,ざる,燃やせないごみ,竹製のものは「燃やせるごみ」へ,食
さ,さ,サロンパス,さろんぱす,燃やせるごみ,衛生のため焼却,医療品
さ,さ,三脚,さんきゃく,粗大ごみ,,趣味・レジャー用品
さ,さ,サングラス,さんぐらす,燃やせないごみ,,日用品
さ,さ,サンダル,さんだる,燃やせないごみ,,衣
さ,さ,三面鏡,さんめんきょう,粗大ごみ,,住
さ,さ,三輪車,さんりんしゃ,粗大ごみ,,趣味・レジャー用品
さ,し,シーツ,しーつ,粗大ごみ,,住
さ,し,ＣＤ・ＬＤ・ＭＤ・ＤＶＤ,"しーでぃー,えるでぃー,えむでぃー,でぃーぶいでぃー",燃やせないごみ,ケースも「燃やせないごみ」へ,雑貨
さ,し,ＣＤ・ＬＤプレーヤー,"しーでぃー,えるでぃーぷれーやー",小型家電回収ボックス・  燃やせないごみ・粗大ごみ,電池は取り除く。  約16cm×27cm以下なら「小型家電回収ボックス」へ。  また、袋に入る大きさ・持ち上げても袋が破れない重さまでは「燃やせないごみ」へ出すこともできます。  それ以外は「粗大ごみ」へ。,電気製品
さ,し,シール,しーる,燃やせるごみ,,日用品
さ,し,シェーバー（ひげそり）,"しぇーばー,ひげそり",小型家電回収ボックス・  燃やせないごみ,電池は取り除く。  約16cm×27cm以下なら「小型家電回収ボックス」へ。「燃やせないごみ」に出すこともできます。,電気製品
さ,し,磁気カード,じきかーど,燃やせないごみ,,日用品
さ,し,磁石,じしゃく,燃やせないごみ,,雑貨
さ,し,辞書・辞典,"じしょ,じてん",古紙回収,,日用品
さ,し,下着類,したぎるい,燃やせるごみ,,衣
さ,し,湿布,しっぷ,燃やせるごみ,衛生のため焼却,医療品
さ,し,自転車,じてんしゃ,粗大ごみ,,乗り物（自動車ほか）
さ,し,竹刀,しない,燃やせるごみ,５０ｃｍ位に切断。そのままなら「粗大ごみ」へ,趣味・レジャー用品
さ,し,車載用液晶テレビ,しゃさいようえきしょうてれび,小型家電回収ボックス・燃やせないごみ,電池は取り除き、「有害ごみ」へ,電気製品
さ,し,写真,しゃしん,燃やせるごみ,写真のネガは「燃やせないごみ」へ,趣味・レジャー用品
さ,し,写真器、カメラ,しゃしんき、かめら,小型家電回収ボックス・  燃やせないごみ,電池は取り除く。  約16cm×27cm以下なら「小型家電回収ボックス」へ。「燃やせないごみ」に出すこともできます。,電気製品
さ,し,しゃもじ（竹製・木製）,しゃもじ,燃やせるごみ,,食
さ,し,しゃもじ（金属製・プラスチック製）,しゃもじ,燃やせないごみ,,食
さ,し,砂利,じゃり,収集できません,産業廃棄物処理業者に依頼,その他
さ,し,ジャンパー,じゃんぱー,燃やせるごみ,内部に綿等が入っているものに限る。それ以外は「燃やせないごみ」へ。,衣
さ,し,シャンプー等の容器,しゃんぷーとうのようき,プラスチック製容器包装ごみ,中身を完全に抜き、汚れを取って出す。ポンプは取り外して入れる,日用品
さ,し,ジューサー,じゅーさー,燃やせないごみ・粗大ごみ,30cm角以内の物は「燃やせないごみ」へ。それ以外は「粗大ごみ」へ,電気製品
さ,し,ジュース等の紙パック,じゅーすとうのかみぱっく,燃やせるごみ,内面アルミ貼りのもの,食
さ,し,じゅうたん,じゅうたん,粗大ごみ,小さくたたんで、紐で縛っておく。,住
さ,し,銃弾,じゅうだん,収集できません,販売店又は専門業者に相談,その他
さ,し,銃,じゅう,収集できません,販売店又は専門業者に相談,その他
さ,し,充電池,じゅうでんち,販売店で回収,使用済みの充電池は、リサイクル協力店（電気店、ホームセンター等）に設置されているリサイクルボックスへ。,電気製品
さ,し,充電器,じゅうでんき,小型家電回収ボックス・  燃やせないごみ,約16cm×27cm以下なら「小型家電回収ボックス」へ。「燃やせないごみ」に出すこともできます。,電気製品
さ,し,朱肉,しゅにく,有害ごみ,,日用品
さ,し,シュレッダーごみ,しゅれっだーごみ,燃やせるごみ,,その他
さ,し,消火器,しょうかき,収集できません,販売店又は専門業者に相談,住
さ,し,焼却灰,しょうかばい,処理業者へ,家庭での焼却は原則禁止,その他
さ,し,障子,しょうじ,粗大ごみ,最長辺の長さが１．８メートル以下。大きい物は清掃センターに問合せ。,住
さ,し,錠剤容器,じょうざいようき,プラスチック製容器包装ごみ,ガラス製は「燃やせないごみ」へ,医療品
さ,し,じょうろ,じょうろ,燃やせないごみ,,趣味・レジャー用品
さ,し,食用油,しょくようあぶら,燃やせるごみ,紙､布などに浸すか､固体に固めて出す。,食
さ,し,除湿器,じょしつき,粗大ごみ,,電気製品
さ,し,除湿剤,じょしつざい,燃やせないごみ,,日用品
さ,し,食器棚,しょっきだな,粗大ごみ,最長辺の長さが１．８メートル以下。大きい物は清掃センターに問合せ。,住
さ,し,人工肛門,じんこうこうもん,燃やせるごみ,,医療品
さ,し,人工芝,じんこうしば,粗大ごみ,,趣味・レジャー用品
さ,し,信号筒,しんごうとう,収集できません,使用済みは「燃やせないごみ」へ,乗り物（自動車ほか）
さ,し,新聞紙,しんぶんし,古紙回収,,日用品
さ,す,水槽,すいそう,粗大ごみ,,ペット
さ,す,水中眼鏡,すいちゅうめがね,燃やせないごみ,,趣味・レジャー用品
さ,す,水筒,すいとう,燃やせないごみ,,食
さ,す,炊飯器,すいはんき,小型家電回収ボックス・  燃やせないごみ・粗大ごみ,約16cm×27cm以下なら「小型家電回収ボックス」へ。  また、袋に入る大きさ・持ち上げても袋が破れない重さまでは「燃やせないごみ」へ出すこともできます。  それ以外は「粗大ごみ」へ。,電気製品
さ,す,スーツケース,すーつけーす,粗大ごみ,,日用品
さ,す,スキー板,すきーいた,粗大ごみ,,趣味・レジャー用品
さ,す,スキーウェアー,"すきーうぇあー,すきーうえあー",燃やせないごみ,,趣味・レジャー用品
さ,す,スキー靴,すきーぐつ,粗大ごみ,,趣味・レジャー用品
さ,す,スコップ,すこっぷ,粗大ごみ,２０cm以下のショベルは「燃やせないごみ」へ。,ガーデニング、農業
さ,す,硯（文具用）,すずり,燃やせないごみ,,雑貨
さ,す,すだれ,すだれ,粗大ごみ,,住
さ,す,ステッカー,すてっかー,燃やせるごみ,,雑貨
さ,す,ステレオ,すてれお,小型家電回収ボックス・  燃やせないごみ・粗大ごみ,約16cm×27cm以下なら「小型家電回収ボックス」へ。  また、袋に入る大きさ・持ち上げても袋が破れない重さまでは「燃やせないごみ」へ出すこともできます。  それ以外は「粗大ごみ」へ。,電気製品
さ,す,ストーブ,すとーぶ,粗大ごみ,灯油は完全に抜き取り、電池は「有害ごみ」へ。,住
さ,す,ストック,すとっく,粗大ごみ,,趣味・レジャー用品
さ,す,ストッキング,すとっきんぐ,燃やせるごみ,,衣
さ,す,ストロー,すとろー,燃やせないごみ,袋は「燃やせるごみ」または「プラスチック製容器包装ごみ」へ,食
さ,す,砂利,すな,収集できません,市内の収集運搬業者に相談,その他
さ,す,スニーカー,すにーかー,燃やせないごみ,,衣
さ,す,スノーダンプ,すのーだんぷ,粗大ごみ,,日用品
さ,す,スノーボード,すのーぼーど,粗大ごみ,,趣味・レジャー用品
さ,す,スピーカー,すぴーかー,小型家電回収ボックス・  燃やせないごみ・粗大ごみ,電池は取り除く。  約16cm×27cm以下なら「小型家電回収ボックス」へ。  また、袋に入る大きさ・持ち上げても袋が破れない重さまでは「燃やせないごみ」へ出すこともできます。  それ以外は「粗大ごみ」へ。,電気製品
さ,す,スプーン・フォーク,"すぷーん,ふぉーく",燃やせないごみ,,食
さ,す,スプリングマット,すぷりんぐまっと,直接搬入,別料金が必要。「粗大ごみ」には出せない,住
さ,す,スプレー缶,すぷれーかん,スプレー・ボンベ類,火気のない風通しのよい場所でガス抜きキャップなどで中身を出し切り専用カゴへ。,日用品
さ,す,スポンジ,すぽんじ,燃やせないごみ,,日用品
さ,す,炭,すみ,収集できません,販売店又は市内の収集運搬業者に相談,趣味・レジャー用品
さ,す,スリッパ,すりっぱ,燃やせないごみ,,衣
さ,す,スレート,すれーと,直接搬入,ただし、業者が解体したものは除く。少量に限る。1.8メートル以下にする,住
さ,せ,生理用品,せいりようひん,燃やせるごみ,衛生のため焼却,医療品
さ,せ,石綿（アスベスト）,"いしわた,せきめん",収集できません,特別管理産業廃棄物処分場へ,住
さ,せ,石鹸,せっけん,燃やせるごみ,液状のものは紙や布に染み込ませて出す。,住
さ,せ,石膏ボード,せっこうぼーど,収集できません,産業廃棄物処理業者に相談,住
さ,せ,せともの,せともの,燃やせないごみ・粗大ごみ,袋に入る大きさ・持ち上げても袋が破れない重さまでは「燃やせないごみ」へ。それ以外は「粗大ごみ」へ,食
さ,せ,セメント,せめんと,直接搬入,家庭で使用したものに限る（少量）,その他
さ,せ,セロハンテープ,せろはんてーぷ,燃やせないごみ,,日用品
さ,せ,洗剤容器（ポンプ式）,"せんざいようき,ぽんぷ",プラスチック製容器包装ごみ,中身を完全に抜き、水洗いをして出す。ポンプも取り外して「プラスチック製容器包装ごみ」へ,日用品
さ,せ,洗剤容器（紙箱製）,"せんざいようき,ぽんぷ,かみばこ",燃やせるごみ,持ち手・中の計量カップは「燃やせないごみ」へ,日用品
さ,せ,扇子,せんす,燃やせるごみ,持ち手が木製のものに限る。プラスチック製のものは「燃やせないごみ」へ,日用品
さ,せ,洗濯機,せんたくき,家電リサイクル品,販売店へ。廃棄物運搬業者に頼むこともできる。リサイクル料金必要,電気製品
さ,せ,洗濯ばさみ,せんたくばさみ,燃やせないごみ,,日用品
さ,せ,剪定ごみ,せんていごみ,燃やせるごみ,5cm角、長さ50cm以内に切り､指定袋に入れて出す（枝は束にしても良い）,ガーデニング、農業
さ,せ,剪定ごみ（大量）,せんていごみ,直接搬入,大量に出た場合は5cm角、長さ50cm以内に切って、直接第一清掃センターに持ち込む,ガーデニング、農業
さ,せ,剪定はさみ,せんていはさみ,燃やせないごみ・粗大ごみ,袋に入る大きさ・持ち上げても袋が破れない重さまでは「燃やせないごみ」へ。それ以外は「粗大ごみ」へ,ガーデニング、農業
さ,せ,栓抜き,せんぬき,燃やせないごみ,,日用品
さ,せ,洗顔フォームの容器・チューブ,せんがんふぉーむ,プラスチック製容器包装ごみ,,日用品
さ,せ,洗面台（1.8m以内）,せんめんだい,直接搬入,家庭で使用したものに限る。,住
さ,せ,扇風機,せんぷうき,小型家電回収ボックス・  燃やせないごみ・粗大ごみ,約16cm×27cm以下なら「小型家電回収ボックス」へ。  また、袋に入る大きさ・持ち上げても袋が破れない重さまでは「燃やせないごみ」へ出すこともできます。  それ以外は「粗大ごみ」へ。,電気製品
さ,そ,双眼鏡,そうがんきょう,燃やせないごみ,,趣味・レジャー用品
さ,そ,掃除機,そうじき,粗大ごみ,,電気製品
さ,そ,ぞうり,ぞうり,燃やせないごみ,,衣
さ,そ,ソファー,そふぁー,粗大ごみ,,住
さ,そ,ソーラーパネル,そーらーぱねる,収集できません,販売店又は市内の収集運搬業者に相談,住
さ,そ,そり,そり,粗大ごみ,,趣味・レジャー用品
さ,そ,そろばん,そろばん,燃やせないごみ,,雑貨
た,た,体温計（水銀）,たいおんけい,有害ごみ,電子体温計は「燃やせないごみ」へ、中の電池は「有害ごみ」もしくは販売店の回収箱へ,医療品
た,た,体温計（電子）,たいおんけい,小型家電回収ボックス・  燃やせないごみ,電池は取り除く。  約16cm×27cm以下なら「小型家電回収ボックス」へ。「燃やせないごみ」に出すこともできます。,電気製品
た,た,体脂肪計,たいしぼうけい,小型家電回収ボックス・  燃やせないごみ・粗大ごみ,電池は取り除く。  約16cm×27cm以下なら「小型家電回収ボックス」へ。  また、袋に入る大きさ・持ち上げても袋が破れない重さまでは「燃やせないごみ」へ出すこともできます。  それ以外は「粗大ごみ」へ。,電気製品
た,た,体重計(ヘルスメーター),"たいじゅうけい,へるすめーたー",小型家電回収ボックス・  燃やせないごみ・粗大ごみ,電池は取り除く。  約16cm×27cm以下なら「小型家電回収ボックス」へ。  また、袋に入る大きさ・持ち上げても袋が破れない重さまでは「燃やせないごみ」へ出すこともできます。  それ以外は「粗大ごみ」へ。,電気製品
た,た,台車,だいしゃ,粗大ごみ,,日用品
た,た,タイヤ,たいや,直接搬入,清掃組合へ相談。なるべく、専門業者へ出す。　「粗大ごみ」には出せない。別料金が必要,乗り物（自動車ほか）
た,た,タイヤチェーン,たいやちぇーん,燃やせないごみ,,乗り物（自動車ほか）
た,た,タイヤホイル,たいやほいる,粗大ごみ,,乗り物（自動車ほか）
た,た,タオル,たおる,燃やせるごみ,,日用品
た,た,タオルケット,たおるけっと,粗大ごみ,,日用品
た,た,高枝切はさみ,"たかえだきりはさみ,せんていばさみ",粗大ごみ,,ガーデニング、農業
た,た,竹,たけ,燃やせるごみ,割ってから5cm角、50cmまでの長さに切って出す。,ガーデニング、農業
た,た,畳,たたみ,粗大ごみ,,住
た,た,タッパー容器,たっぱーようき,燃やせないごみ,,食
た,た,建具類,たてぐるい,粗大ごみ,最長辺の長さが１．８メートル以下。大きい物は清掃センターに問合せ。,住
た,た,たばこ（吸い殻も含む）,たばこ（すいがらもふくむ）,燃やせるごみ,水をかけ、完全に火を消して出す,趣味・レジャー用品
た,た,卵のパック,たまごのぱっく,プラスチック製容器包装ごみ,,食
た,た,タンス,たんす,粗大ごみ,最長辺の長さが１．８メートル以下。大きい物は清掃センターに問合せ。,住
た,た,ダンベル,だんべる,粗大ごみ,,趣味・レジャー用品
た,た,タンポン,たんぽん,燃やせるごみ,衛生のため焼却,医療品
た,た,ダンボール,だんぼーる,古紙回収,開いてひもで縛っておく,日用品
た,た,反物,たんもの,粗大ごみ,家庭で使用していたものに限る。1m以内にできるものは「燃やせるごみ」へ。,衣
た,ち,チエーン,ちぇーん,直接搬入,,住
た,ち,チェンソー,ちぇんそー,粗大ごみ,燃料は使い切って。,ガーデニング、農業
た,ち,チャイルドシート,ちゃいるどしーと,粗大ごみ,,乗り物（自動車ほか）
た,ち,ちゃぶ台,ちゃぶだい,粗大ごみ,,住
た,ち,茶碗,ちゃわん,燃やせないごみ,,食
た,ち,注射針,ちゅうしゃばり,収集できません,医療機関に相談,医療品
た,ち,チューブ類（歯磨き粉など）,ちゅーぶるい,プラスチック製容器包装ごみ,汚れを取って出す。汚れが取れない場合は「燃やせないごみ」へ。,日用品
た,ち,チョーク,ちょーく,燃やせるごみ,,雑貨
た,ち,彫刻刀,ちょうこくとう,燃やせないごみ,,趣味・レジャー用品
た,ち,チラシ（新聞の折り込みなど）,ちらし,古紙回収,,日用品
た,ち,ちりとり,ちりとり,燃やせないごみ,,日用品
た,つ,つい立て,ついたて,粗大ごみ,,住
た,つ,杖,つえ,燃やせるごみ,木製は折って「燃やせるごみ」へ。プラスチック及びアルミ製は「燃やせないごみ」へ,日用品
た,つ,使い捨てカイロ,つかいすてかいろ,燃やせないごみ,使用前のものは発火の恐れがあるので使ってから出す。  一番外側のビニール製の袋は「プラスチック製容器包装ごみ」へ,日用品
た,つ,机（木・スチール）,つくえ,粗大ごみ,最長辺の長さが１．８メートル以下。大きい物は清掃センターに問合せ。,住
た,つ,漬物おけ,つけものおけ,燃やせないごみ・粗大ごみ,袋に入る大きさ・持ち上げても袋が破れない重さまでは「燃やせないごみ」へ。それ以外は「粗大ごみ」へ,食
た,つ,漬物の床,"つけもののとこ,つけものどこ",燃やせるごみ,ただし、少量に限る,食
た,つ,漬物の石,"つけもののいし,つけものいし",収集できません,造園業者へ相談。プラスチックでできた重石は清掃センターに問合せ,食
た,つ,土,つち,収集できません,造園業者又は市内の収集運搬業者に相談,その他
た,つ,つぼ,つぼ,燃やせないごみ・粗大ごみ,袋に入る大きさ・持ち上げても袋が破れない重さまでは「燃やせないごみ」へ。それ以外は「粗大ごみ」へ,住
た,つ,つまようじ,つまようじ,燃やせるごみ,,住
た,つ,積み木（木製）,つみき,燃やせるごみ,,趣味・レジャー用品
た,つ,積み木（プラスチック製）,つみき,燃やせないごみ,,趣味・レジャー用品
た,つ,爪きり,つめきり,燃やせないごみ,,日用品
た,つ,釣り竿,つりざお,燃やせないごみ,ただし、1メートル以内にできる場合。それ以上のものは「粗大ごみ」へ,趣味・レジャー用品
た,て,ティッシュ,てぃっしゅ,燃やせるごみ,,日用品
た,て,ティッシュの箱,てぃっしゅのはこ,古紙回収,ビニールを取り除き、折りたたんで「雑誌類」へ,日用品
た,て,ＤＶＤ,でぃーぶいでぃー,燃やせないごみ,ケースも「燃やせないごみ」へ,雑貨
た,て,テーブル,てーぶる,粗大ごみ,最長辺の長さが１．８メートル以下。大きい物は清掃センターに問合せ。,住
た,て,テーブルタップ（電気コード）,"てーぶるたっぷ,でんきこーど",小型家電回収ボックス・  燃やせないごみ,約16cm×27cm以下なら「小型家電回収ボックス」へ。「燃やせないごみ」に出すこともできます。,電気製品
た,て,鉄アレイ,てつあれい,直接搬入,,趣味・レジャー用品
た,て,テニスボール,てにすぼーる,燃やせないごみ,,趣味・レジャー用品
た,て,テレビ,てれび,家電リサイクル品,販売店へ。廃棄物運搬業者に頼むこともできる。リサイクル料金必要,電気製品
た,て,テレビ台,てれびだい,粗大ごみ,,住
た,て,テレホンカード,てれほんかーど,燃やせないごみ,,日用品
た,て,電化製品,でんかせいひん,小型家電回収ボックス・  燃やせないごみ・粗大ごみ,テレビ（プラズマ式、液晶等）、洗濯機、エアコン、冷蔵庫・冷凍庫、衣類乾燥機以外の物で、  約16cm×27cm以下なら「小型家電回収ボックス」へ。  また、袋に入る大きさ・持ち上げても袋が破れない重さまでは「燃やせないごみ」へ出すこともできます。  それ以外は「粗大ごみ」へ。,電気製品
た,て,電気ケトル,でんきけとる,燃やせないごみ・拠点回収,,電気製品
た,て,電気ごたつ,でんきごたつ,粗大ごみ,,電気製品
た,て,電気毛布,でんきもうふ,粗大ごみ,,電気製品
た,て,電気カーペット,でんきかーぺっと,粗大ごみ,,電気製品
た,て,電気コード,でんきこーど,燃やせないごみ,１メートル以内に切る。ドラムに巻いてある物も切って出す,電気製品
た,て,電球・LED電球,でんきゅう,有害ごみ,,電気製品
た,て,電球型蛍光灯,でんきゅがたけいこうとう,有害ごみ,,電気製品
た,て,電子辞書,でんしじしょ,小型家電回収ボックス・  燃やせないごみ,電池は取り除く。  約16cm×27cm以下なら「小型家電回収ボックス」へ。「燃やせないごみ」に出すこともできます。,電気製品
た,て,電子たばこ（本体）,でんしたばこ（ほんたい）,有害ごみ,,電気製品
た,て,電子手帳,でんしてちょう,小型家電回収ボックス・  燃やせないごみ,電池は取り除く。  約16cm×27cm以下なら「小型家電回収ボックス」へ。「燃やせないごみ」に出すこともできます。,電気製品
た,て,電子ピアノ,でんしぴあの,拠点回収,,電気製品
た,て,電子レンジ,でんしれんじ,拠点回収,,電気製品
た,て,天体望遠鏡,てんたいぼうえんきょう,粗大ごみ,,趣味・レジャー用品
た,て,電卓,でんたく,小型家電回収ボックス・燃やせないごみ,,電気製品
た,て,テント,てんと,粗大ごみ,梁とテント生地は別にする。,趣味・レジャー用品
た,て,電動自転車のバッテリー,でんどうじどうしゃのばってりー,有害ごみ,,趣味・レジャー用品
た,て,天ぷら油,てんぷらあぶら,燃やせるごみ,紙､布などに浸すか､固体に固めて出す,食
た,て,電話機,でんわき,小型家電回収ボックス・  燃やせないごみ・粗大ごみ,電池は取り除く。  約16cm×27cm以下なら「小型家電回収ボックス」へ。  また、袋に入る大きさ・持ち上げても袋が破れない重さまでは「燃やせないごみ」へ出すこともできます。  それ以外は「粗大ごみ」へ。,電気製品
た,と,トイレットペーパーの芯,といれっとぺーぱーのしん,古紙回収,,日用品
た,と,トイレコーナー,といれこーなー,燃やせないごみ,,日用品
た,と,トイレブラシ,といれぶらし,燃やせないごみ,,日用品
た,と,籐家具,とうかぐ,粗大ごみ,最長辺の長さが１．８メートル以下。大きい物は清掃センターに問合せ。,住
た,と,陶磁器,とうじき,燃やせないごみ・粗大ごみ,袋に入る大きさ・持ち上げても袋が破れない重さまでは「燃やせないごみ」へ。それ以外は「粗大ごみ」へ,日用品
た,と,塔婆,"とうば,とば",収集できません,願い寺へ相談。,その他
た,と,トースター,とーすたー,小型家電回収ボックス・  燃やせないごみ・粗大ごみ,約16cm×27cm以下なら「小型家電回収ボックス」へ。  また、袋に入る大きさ・持ち上げても袋が破れない重さまでは「燃やせないごみ」へ出すこともできます。  それ以外は「粗大ごみ」へ。,電気製品
た,と,時計,とけい,小型家電回収ボックス・  燃やせないごみ・粗大ごみ,電池は取り除く。  約16cm×27cm以下なら「小型家電回収ボックス」へ。  また、袋に入る大きさ・持ち上げても袋が破れない重さまでは「燃やせないごみ」へ出すこともできます。  それ以外は「粗大ごみ」へ。,電気製品
た,と,土砂・泥（側溝）,"どしゃ,どろ",収集できません,県道は県土木へ、市道は市都市整備課に相談,その他
た,と,トタン,とたん,粗大ごみ,最長辺の長さが１．８メートル以下。大きい物は清掃センターに問合せ。,住
た,と,トナーカートリッジ,となーかーとりっじ,燃やせないごみ,,日用品
た,と,土鍋,どなべ,燃やせないごみ,,食
た,と,ドライヤー,どらいやー,小型家電回収ボックス・燃やせないごみ,,電気製品
た,と,ドラム缶,どらむかん,粗大ごみ,,その他
た,と,トランシーバー,とらんしーばー,小型家電回収ボックス・燃やせないごみ,電池は取り除き、「有害ごみ」へ。,電気製品
た,と,鳥かご,とりかご,粗大ごみ,,ペット
た,と,塗料缶（家庭用に限る）,とりょうかん,粗大ごみ,塗料は完全に使い切る。１斗缶半分以下は「燃やせないごみ」へ。,住
た,と,塗料類,とりょうるい,収集できません,販売店へ相談,住
た,と,トレイ類,とれいるい,プラスチック製容器包装ごみ,,食
た,と,ドレッシング瓶（ガラス製）,どれっしんぐびん,空きびん,プラスチック製のフタは「プラスチック製容器包装ごみ」へ,食
た,と,（側溝）泥上げによるごみ,"そっこう,どろあげによるごみ",収集できません,県道は県土木へ、市道は市都市整備課に相談,その他
た,と,トロフィー,とろふぃー,燃やせないごみ・粗大ごみ,袋に入る大きさ・持ち上げても袋が破れない重さまでは「燃やせないごみ」へ。それ以外は「粗大ごみ」へ,趣味・レジャー用品
な,な,ナイフ,ないふ,燃やせないごみ,刃にガムテープ等を巻いて袋に「刃物」と表示,日用品
な,な,苗箱,なえばこ,収集できません,産業廃棄物処理業者に処理依頼、または農協の指定日に出す。,ガーデニング、農業
な,な,長ぐつ,ながぐつ,燃やせないごみ,,衣
な,な,流し台,ながしだい,粗大ごみ,最長辺の長さが１．８メートル以下。それ以上の物は直接搬入。,住
な,な,ナタ,なた,燃やせないごみ,２０cm程度まで。大きいナタは「粗大ゴミ」へ,ガーデニング、農業
な,な,ナプキン,なぷきん,燃やせるごみ,衛生のため焼却,医療品
な,な,なべ,なべ,燃やせないごみ・粗大ごみ,袋に入る大きさ・持ち上げても袋が破れない重さまでは「燃やせないごみ」へ。それ以外は「粗大ごみ」へ,食
な,な,生ごみ,なまごみ,燃やせるごみ,水を切って出す,食
な,な,波板,なみいた,粗大ごみ,最長辺の長さが１．８メートル以下。大きな物は細かくする。,住
な,に,人形,にんぎょう,直接搬入,五月人形など,趣味・レジャー用品
な,に,人形ケース（ガラス製）,にんぎょうけーす,燃やせないごみ・粗大ごみ,袋に入る大きさ・持ち上げても袋が破れない重さまでは「燃やせないごみ」へ。それ以外は「粗大ごみ」へ,趣味・レジャー用品
な,に,人形ケース（紙製・木製）,にんぎょうけーす,燃やせるごみ・粗大ごみ,袋に入る大きさ・持ち上げても袋が破れない重さまでは「燃やせるごみ」へ。それ以外は「粗大ごみ」へ,趣味・レジャー用品
な,に,妊娠検査薬,にんしんけんさやく,燃やせるごみ,衛生のため焼却,医療品
な,ぬ,ぬいぐるみ,ぬいぐるみ,燃やせるごみ,指定袋に入る大きさまで,趣味・レジャー用品
な,ぬ,縫い針,ぬいばり,燃やせないごみ,危険なものは紙などに包み、「キケン」と表示する,日用品
な,ぬ,ぬか床,ぬかどこ,燃やせるごみ,ただし、少量に限る,食
な,ぬ,布類,"いるい,ふく",燃やせるごみ,長い物は１メートル以内に切る,衣
な,ね,ねこ車（手押し車）,"ねこぐるま,ておしぐるま",粗大ごみ,,日用品
な,ね,ねこ砂,ねこすな,燃やせるごみ,衛生のため焼却（汚物は取り除き、トイレに捨てる）,ペット
な,ね,ねこの死骸,ねこのしがい,収集できません,南越清掃組合へ連絡,ペット
な,ね,ネジ,ねじ,燃やせないごみ,,雑貨
な,ね,ネックレス,ねっくれす,燃やせないごみ,,衣
な,ね,ネット,ねっと,燃やせないごみ,縦横1m以内に切って出す,ガーデニング、農業
な,ね,ネット（農業用・漁業用）,ねっと,収集できません,産業廃棄物処理業者に依頼,その他
な,ね,寝袋,ねぶくろ,粗大ごみ,,趣味・レジャー用品
な,ね,ねり歯みがきチューブ,ねりはみがみちゅーぶ,プラスチック製容器包装ごみ,きれいに洗って出す,日用品
な,ね,粘土,ねんど,燃やせないごみ,紙製は「燃やせるごみ」へ,趣味・レジャー用品
な,の,農機具（家庭用小型）,のうきぐ,粗大ごみ,油を全て抜く（草刈機、ミスト機程度まで）。可能な限り分解して出す。,ガーデニング、農業
な,の,農薬瓶（家庭用）,のうやくびん,燃やせないごみ,薬品は完全に使い切り、水洗いをする,ガーデニング、農業
な,の,農薬瓶（農家用）,のうやくびん,収集できません,専門業者に相談,ガーデニング、農業
な,の,農薬類,のうやくるい,収集できません,専門業者に相談,ガーデニング、農業
な,の,ノート,のーと,古紙回収,雑誌とまとめて縛る,日用品
な,の,ノートパソコン,のーとはそこん,小型家電回収ボックス,,電気製品
な,の,のこぎり,のこぎり,燃やせないごみ,２０cm程度まで。大きなものは「粗大ゴミ」へ,ガーデニング、農業
な,の,海苔の瓶（ガラス製）,のりのびん,空きびん,フタを取り色別カゴへ。フタは「プラスチック製容器包装ごみ」へ,食
は,は,ハードディスク,はーどでぃすく,小型家電回収ボックス,,電気製品
は,は,灰,はい,処理業者へ,家庭での焼却は原則禁止,その他
は,は,バイク,ばいく,収集できません,販売店へ相談,乗り物（自動車ほか）
は,は,パイプ椅子,ぱいぷいす,粗大ごみ,,住
は,は,パイプハンガー,ぱいぷはんがー,粗大ごみ,,住
は,は,パイプベッド,ぱいぷべっど,粗大ごみ,,住
は,は,廃油,はいゆ,収集できません,販売店へ相談,乗り物（自動車ほか）
は,は,バインダー（紙製）,ばいんだー,燃やせるごみ,,日用品
は,は,バインダー（プラスチック製）,ばいんだー,燃やせないごみ,,日用品
は,は,ハウス用ビニール（農業用）,はうすようびにーる,収集できません,産業廃棄物処分場又は農協の指定日に出す,ガーデニング、農業
は,は,墓石,はかいし,収集できません,販売店へ相談,その他
は,は,はがき,はがき,古紙回収,雑誌とまとめて縛る。写真つきは「燃やせるごみ」へ,日用品
は,は,はきもの,はきもの,燃やせないごみ,,衣
は,は,剥製（はくせい）,はくせい,燃やせるごみ,袋に入る大きさ・持ち上げても袋が破れない重さまでは「燃やせないごみ」へ。それ以外は「粗大ごみ」へ,趣味・レジャー用品
は,は,バケツ,ばけつ,燃やせないごみ・粗大ごみ,袋に入る大きさ・持ち上げても袋が破れない重さまでは「燃やせるごみ」へ。それ以外は「粗大ごみ」へ,日用品
は,は,はさみ類,はさみるい,燃やせないごみ,刃にガムテープ等を巻いて袋に「刃物」と表示して出す,日用品
は,は,箸,はし,燃やせるごみ,プラスチック製は「燃やせないごみ」へ,食
は,は,はしご,はしご,粗大ごみ,,日用品
は,は,バスタオル,ばすたおる,燃やせるごみ,,住
は,は,パソコン,ぱそこん,小型家電回収ボックス・  ＰＣリサイクル,メーカーへ問合せ。ＰＣリサイクルのついていないものは有料。  約16cm×27cm以下なら「小型家電回収ボックス」へ。,趣味・レジャー用品
は,は,発煙筒,はつえんとう,収集できません,使用済は「燃やせないごみ」へ,乗り物（自動車ほか）
は,は,パック皿,"ぱっくざら,ぱっくさら",販売店で回収,発泡スチロール製のトレイなどきれいに洗ってスーパーか「プラスチック製容器包装ごみ」へ,食
は,は,バッテリー,ばってりー,直接搬入,ガソリンスタンド、自動車販売店でも処理している。「粗大ごみ」には出せない。別料金が必要,乗り物（自動車ほか）
は,は,バッテリー（携帯電話用）,ばってりー（けいたいでんわよう）,有害ごみ,専用カゴへ。,電気製品
は,は,バット（野球用）,"ばっと,やきゅう",粗大ごみ,,趣味・レジャー用品
は,は,バット（料理用）,"ばっと,りょうり",燃やせないごみ,大きい物は「粗大ごみ」へ,食
は,は,発泡スチロール,はっぽうすちろーる,プラスチック製容器包装ごみ,袋に入る程度の大きさに割る。細かくする必要はない。,食
は,は,発泡スチロール製緩衝材,"はっぽうすちろーる,かんしょうざい",プラスチック製容器包装ごみ,粒状の物は「燃やせないごみ」へ,その他
は,は,はなかみ,はなかみ,燃やせるごみ,,日用品
は,は,花火,はなび,燃やせるごみ,水をかけ、完全に火を消して出す。　但し、未使用のものは直接搬入。,趣味・レジャー用品
は,は,歯ブラシ,はぶらし,燃やせないごみ,,日用品
は,は,歯ブラシ（電動）,はぶらし,小型家電回収ボックス,,日用品
は,は,歯磨き粉の容器・チューブ,はみがきこのようき,プラスチック製容器包装ごみ,中身を使い切って、固形物を取り除いて出す,日用品
は,は,刃物,はもの,燃やせないごみ,刃にガムテープ等を巻いて袋に「刃物」と表示,食
は,は,バラン（仕切り用）,"ばらん,しきり",燃やせないごみ,,食
は,は,針,はり,燃やせないごみ,ガムテープ等で刺さらないように,雑貨
は,は,針金,はりがね,燃やせないごみ,１メートル程度に切る,日用品
は,は,パレット,ぱれっと,収集できません,産業廃棄物処理業者に依頼。,その他
は,は,ハロゲンヒーター,はろげんひーたー,粗大ごみ,,電気製品
は,は,ハンカチ,はんかち,燃やせるごみ,,日用品
は,は,ハンガー,はんがー,燃やせないごみ,,衣
は,は,半紙,はんし,古紙回収,,日用品
は,は,パンフレット,ぱんふれっと,古紙回収,雑誌とまとめて縛る。写真付のものは「燃やせるごみ」へ,日用品
は,ひ,ピアニカ,ぴあにか,燃やせないごみ,,趣味・レジャー用品
は,ひ,ピアノ,ぴあの,収集できません,販売店にご相談ください。,趣味・レジャー用品
は,ひ,ピアノ（電子）,ぴあの,拠点回収,,電気製品
は,ひ,ビー玉,びーだま,燃やせないごみ,,雑貨
は,ひ,ビーチパラソル,びーちぱらそる,粗大ごみ,,趣味・レジャー用品
は,ひ,ひげそり,ひげそり,燃やせないごみ,,日用品
は,ひ,ＰＰバンド,ぴーぴーばんど,燃やせないごみ,５０ｃｍ位に切断。長い状態では出さない,日用品
は,ひ,ビデオカメラ,びでおかめら,小型家電回収ボックス・燃やせないごみ,,電気製品
は,ひ,ビデオ機器,びでおきき,小型家電回収ボックス・  燃やせないごみ・粗大ごみ,約16cm×27cm以下なら「小型家電回収ボックス」へ。  また、袋に入る大きさ・持ち上げても袋が破れない重さまでは「燃やせないごみ」へ出すこともできます。  それ以外は「粗大ごみ」へ。,電気製品
は,ひ,ビデオテープ類,びでおてーぷ,燃やせるごみ,ケースはプラスチック製は「燃やせないごみ」へ、紙製は「古紙回収」へ,雑貨
は,ひ,ビニールカッパ,びにーるかっぱ,燃やせないごみ,,衣
は,ひ,ビニールホース,びにーるほーす,燃やせないごみ,１メートル程度に切る,日用品
は,ひ,ビニール袋,びにーるぶくろ,プラスチック製容器包装ごみ,,日用品
は,ひ,ビール瓶,びーるびん,販売店で回収,割れた場合は「あきびん」へ,食
は,ひ,ビニルシート,"びにるしーと,ビニールシート,びにーるしーと",燃やせないごみ,１メートル以内に。それ以上は「粗大ごみ」へ,日用品
は,ひ,ビニルテープ,"びにるてーぷ,ビニールテープ,びにーるてーぷ",燃やせないごみ,,日用品
は,ひ,火鉢,ひばち,粗大ごみ,,住
は,ひ,肥料の袋,ひりょうのふくろ,収集できません,販売店へ相談。園芸用（家庭用に限る）は表示に従う,ガーデニング、農業
は,ひ,びん（飲食物のびん）,びん,空きびん,ビール瓶、一升瓶は販売店に返す,食
は,ひ,びん（飲食物以外のびん）,びん,燃やせないごみ,香水、化粧品などのびん,日用品
は,ふ,ファイル（紙製）,ふぁいる,古紙回収,金具は取り除き、「燃やせないごみ」へ,日用品
は,ふ,ファイル（プラスチック製）,ふぁいる,燃やせないごみ,,日用品
は,ふ,ファックス機,ふぁっくすき,拠点回収,,電気製品
は,ふ,ファンヒーター,ふぁんひーたー,拠点回収,灯油は完全に抜き取り、電池は「有害ごみ」へ。,電気製品
は,ふ,フィルム,ふぃるむ,燃やせないごみ,,日用品
は,ふ,封筒,ふうとう,古紙回収,窓に付いているフィルムは切り取り「燃やせないごみ」へ,日用品
は,ふ,封筒（ダイレクトメール用ビニール製）,"ふうとう,だいれくとめーる",燃やせないごみ,,日用品
は,ふ,ふすま,ふすま,粗大ごみ,,住
は,ふ,ぷちぷち（エアーキャップ）,ぷちぷち,プラスチック製容器包装ごみ,家庭用に限る。,日用品
は,ふ,仏壇,ぶつだん,収集できません,販売店へ相談,その他
は,ふ,筆,ふで,燃やせるごみ,,日用品
は,ふ,筆ペン,ふでぺん,燃やせないごみ,,日用品
は,ふ,ふとん,ふとん,粗大ごみ,,住
は,ふ,布団乾燥機,ふとんかんそうき,小型家電回収ボックス・燃やせないごみ,,電気製品
は,ふ,フライパン,ふらいぱん,燃やせないごみ,,食
は,ふ,ブラインド,ぶらいんど,粗大ごみ,ただし、長さ１．８メートル以下にして出す。,住
は,ふ,ブラシ,ぶらし,燃やせないごみ,,日用品
は,ふ,プラモデル,ぷらもでる,燃やせないごみ,,趣味・レジャー用品
は,ふ,プランター,ぷらんたー,燃やせないごみ,,趣味・レジャー用品
は,ふ,プリンター機器,ぷりんたーきき,小型家電回収ボックス・  燃やせないごみ・粗大ごみ,約16cm×27cm以下なら「小型家電回収ボックス」へ。  また、袋に入る大きさ・持ち上げても袋が破れない重さまでは「燃やせないごみ」へ出すこともできます。  それ以外は「粗大ごみ」へ。,電気製品
は,ふ,プリンターのインク（空容器）,"ぷりんたー,いんく",販売店で回収,,電気製品
は,ふ,風呂釜,ふろがま,収集できません,販売店へ相談,住
は,ふ,風呂敷（布製）,ふろしき,燃やせるごみ,,住
は,ふ,風呂敷（ビニール製）,ふろしき,燃やせないごみ,,住
は,ふ,フロッピーディスク,ふろっぴーでぃすく,燃やせないごみ,ケースも「燃やせないごみ」へ,電気製品
は,ふ,ブロック,ぶろっく,収集できません,ただし、物干し台は直接搬入可。,住
は,ふ,プロパンガスボンベ,ぷろぱんがすぼんべ,収集できません,販売店に相談。,住
は,ふ,風呂用ふた,ふろようふた,粗大ごみ,,住
は,ふ,文房具,ぶんぼうぐ,燃やせないごみ,大きい物は「粗大ごみ」へ,日用品
は,ふ,噴霧器,ふんむき,収集できません,エンジンのないものは「粗大ごみ」へ。,ガーデニング、農業
は,へ,ヘアスプレー,へあすぷれー,スプレー・ボンベ類,火気のない風通しの良い屋外でガス抜きキャップなどで中身を出し切り専用のかごへ。,日用品
は,へ,ヘアドライヤー,へあどらいやー,小型家電回収ボックス・燃やせないごみ,約16cm×27cm以下なら「小型家電回収ボックス」へ。「燃やせないごみ」に出すこともできます。,電気製品
は,へ,ヘッドホン,へっどほん,小型家電回収ボックス・  燃やせないごみ,約16cm×27cm以下なら「小型家電回収ボックス」へ。「燃やせないごみ」に出すこともできます。,趣味・レジャー用品
は,へ,ベッド（台座部分）,べっど,粗大ごみ,最長辺の長さが１．８メートル以下。大きい物は直接搬入（第一清掃へ）。,住
は,へ,ペットボトル,ぺっとぼとる,ペットボトル,リサイクルマーク「１」のもの。キャップとラベルは「プラスチック製容器包装ごみ」へ,食
は,へ,ペット用の檻,ぺっとようのおり,粗大ごみ,,ペット
は,へ,ペットフード缶詰,"ぺっとふーど,かんづめ",空き缶,缶の中身は完全に使い切り、水洗い,ペット
は,へ,ペット用トイレ,ぺっとようといれ,粗大ごみ,中の砂は汚物を取り除き「燃やせるごみ」へ,ペット
は,へ,ペットの遺体,ぺっとのしがい,直接搬入,別途料金が必要,ペット
は,へ,ベビーカー,べびーかー,粗大ごみ,,日用品
は,へ,ベビーバス,べびーばす,粗大ごみ,,日用品
は,へ,ベルト,べると,燃やせないごみ,,衣
は,へ,ヘルメット,へるめっと,燃やせないごみ,,趣味・レジャー用品
は,へ,便器,べんき,直接搬入,,住
は,へ,ペンキ,ぺんき,収集できません,販売店に相談。,趣味・レジャー用品
は,へ,便座,べんざ,燃やせないごみ,,住
は,へ,便座カバー,べんざかばー,燃やせるごみ,,住
は,ほ,ホイール（自動車用）,ほいーる,粗大ごみ,タイヤの付いていないもの。タイヤは販売店へ。,乗り物（自動車ほか）
は,ほ,ホイールキャップ,ほいーるきゃっぷ,燃やせないごみ,,乗り物（自動車ほか）
は,ほ,ボイラー,ぼいらー,直接搬入,家庭用のもの　但し、業者に取替工事を依頼された場合は業者引取,住
は,ほ,方位磁石,ほういじしゃく,燃やせないごみ,,趣味・レジャー用品
は,ほ,望遠鏡,ぼうえんきょう,燃やせないごみ・粗大ごみ,袋に入る大きさ・持ち上げても袋が破れない重さまでは「燃やせないごみ」へ。それ以外は「粗大ごみ」へ,趣味・レジャー用品
は,ほ,ほうき,ほうき,燃やせないごみ,長く大きいものは「粗大ごみ」へ,日用品
は,ほ,ほう酸だんご,ほうさんだんご,燃やせるごみ,,日用品
は,ほ,包装紙,ほうそうし,古紙回収,雑誌とまとめて縛る,日用品
は,ほ,包丁・刃物,"ほうちょう,はもの",燃やせないごみ,刃にガムテープ等を巻いて袋に「刃物」と表示,食
は,ほ,防虫剤容器,ぼうちゅうざいようき,燃やせないごみ,ハンガータイプ,日用品
は,ほ,ポータブルトイレ,ぽーたぶるといれ,粗大ごみ,,その他
は,ほ,ボーリングの球,ぼーりんぐのたま,直接搬入,,趣味・レジャー用品
は,ほ,ボウル（台所用品）,ぼうる,燃やせないごみ,,食
は,ほ,ボール（球）,ぼーる,燃やせないごみ,空気の入っているボールは空気を抜いて出すこと,趣味・レジャー用品
は,ほ,ボールペン,ぼーるぺん,燃やせないごみ,,日用品
は,ほ,ホーロー鍋,ほーろーなべ,燃やせないごみ,,食
は,ほ,ホース,ほーす,燃やせないごみ,１メートル以内に切って出す,日用品
は,ほ,ホースリール,ほーすりーる,燃やせないごみ,ホースは必ず外す。,日用品
は,ほ,保温材・保冷剤,"ほおんざい,ほれいざい",燃やせないごみ,,日用品
は,ほ,ポスター,ぽすたー,古紙回収,雑誌とまとめて縛る,趣味・レジャー用品
は,ほ,ボタン型電池,ぼたんがたでんち,有害ごみ,,電気製品
は,ほ,ポット・魔法瓶,"ぽっと,まほうびん",燃やせないごみ,袋に入る大きさ・持ち上げても袋が破れない重さまで。それ以外は「粗大ごみ」へ,食
は,ほ,ホットカーペット,ほっとかーぺっと,粗大ごみ,,住
は,ほ,哺乳瓶,ほにゅうびん,燃やせないごみ,,食
は,ほ,ポリタンク（20ℓまで）,ぽりたんく,燃やせないごみ,,住
は,ほ,本,ほん,古紙回収,,趣味・レジャー用品
は,ほ,盆,ぼん,燃やせないごみ,木製のものは「燃やせるごみ」へ,日用品
は,ほ,ボンベ,ぼんべ,収集できません,販売店に相談。,住
ま,ま,麻雀パイ,まーじゃんぱい,燃やせないごみ,,趣味・レジャー用品
ま,ま,マイク,まいく,小型家電回収ボックス・燃やせないごみ,電池は取り外す。,電気製品
ま,ま,マウス,まうす,小型家電回収ボックス・燃やせないごみ,電池は取り外す。,電気製品
ま,ま,マグネットシート,まぐねっとしーと,燃やせないごみ,,雑貨
ま,ま,まくら,まくら,燃やせないごみ,中身が綿やそば殻の物は「燃やせるごみ」へ,住
ま,ま,マジック,まじっく,燃やせないごみ,,日用品
ま,ま,マスク,ますく,燃やせるごみ,,医療品
ま,ま,マッサージ機類,まっさーじきるい,小型家電回収ボックス・  燃やせないごみ・粗大ごみ,約16cm×27cm以下なら「小型家電回収ボックス」へ。  また、袋に入る大きさ・持ち上げても袋が破れない重さまでは「燃やせないごみ」へ出すこともできます。  それ以外は「粗大ごみ」へ。,電気製品
ま,ま,マッサージチェアー,まっさーじちぇあー,拠点回収,,電気製品
ま,ま,マッチ,まっち,燃やせるごみ,,日用品
ま,ま,マット,まっと,粗大ごみ,スプリング（金属）が入っていない物に限る。スプリングマットは直接搬入。,住
ま,ま,まな板,まないた,燃やせないごみ,木製の場合は「燃やせるごみ」へ,食
ま,ま,魔法瓶,まほうびん,燃やせないごみ,ステンレス、ガラス製も,食
ま,ま,豆電球・白熱電球,まめでんきゅう,有害ごみ,,電気製品
ま,ま,マヨネーズの容器,まよねーずのようき,プラスチック製容器包装ごみ,汚れを取って出す。ケチャップの容器も同じ,食
ま,ま,マルチシート,まるちしーと,収集できません,,ガーデニング、農業
ま,み,みかんのネット,みかんのねっと,プラスチック製容器包装ごみ,,食
ま,み,ミキサー,みきさー,燃やせないごみ・拠点回収,,電気製品
ま,み,ミシン,みしん,小型家電回収ボックス・  燃やせないごみ・粗大ごみ,足踏式も可。  約16cm×27cm以下なら「小型家電回収ボックス」へ。  また、袋に入る大きさ・持ち上げても袋が破れない重さまでは「燃やせないごみ」へ出すこともできます。  それ以外は「粗大ごみ」へ。,電気製品
ま,み,みみかき,みみかき,燃やせないごみ,木製のものは「燃やせるごみ」へ,日用品
ま,む,虫かご（木製・竹製）,むしかご,燃やせるごみ,,趣味・レジャー用品
ま,む,虫かご（プラスチック製）,むしかご,もやせないごみ,,趣味・レジャー用品
ま,む,虫めがね,むしめがね,燃やせないごみ,,日用品
ま,む,蒸し器（木製）,むしき,燃やせるごみ,,食
ま,む,むしろ,むしろ,粗大ごみ,,日用品
ま,め,名刺,めいし,古紙回収,封筒に入れ、雑誌とまとめて縛る,その他
ま,め,めがね,めがね,燃やせないごみ,,日用品
ま,め,メジャー,めじゃー,燃やせないごみ,,日用品
ま,め,綿棒,めんぼう,燃やせるごみ,,日用品
ま,も,モーター,もーたー,収集できません,金属回収業者へ,趣味・レジャー用品
ま,も,毛布,もうふ,粗大ごみ,,住
ま,も,木炭,もくたん,燃やせるごみ,,趣味・レジャー用品
ま,も,木片,もくへん,燃やせるごみ,太さ5cm、長さ50cm以内のもの,その他
ま,も,餅つき機,もちつきき,拠点回収,,電気製品
ま,も,モップ（柄付き）,もっぷ,粗大ごみ,,日用品
ま,も,物干し竿,ものほしざお,粗大ごみ,１．８メートル以下まで。,住
ま,も,物干し台,ものほしだい,粗大ごみ,下部のコンクリート台は直接搬入。,住
ま,も,モバイルバッテリー,もばいるばってりー,有害ごみ,専用カゴへ。,電気製品
ま,も,モルタル,もるたる,直接搬入,ただし、少量に限る。業者が解体した場合は産業廃棄物処分場へ,住
や,や,やかん,やかん,燃やせないごみ,,食
や,や,野球のボール,やきゅうのぼーる,燃やせないごみ,,趣味・レジャー用品
や,や,薬品類,やくひんるい,収集できません,販売店へ相談,その他
や,や,野菜くず,やさいくず,燃やせるごみ,,食
や,ゆ,有刺鉄線,ゆうしてっせん,直接搬入,,住
や,ゆ,浴衣,ゆかた,燃やせるごみ,1M以内に切って出す,衣
や,ゆ,湯たんぽ,ゆたんぽ,燃やせないごみ,,日用品
や,ゆ,湯のみ,ゆのみ,燃やせないごみ,,食
や,ゆ,指輪,ゆびわ,燃やせないごみ,,衣
や,ゆ,湯沸し器（台所用）,ゆわかしき,粗大ごみ,,住
や,よ,洋酒のびん,ようしゅのびん,あきびん,,食
や,よ,洋服,ようふく,燃やせるごみ,1M以内に切って出す,衣
や,よ,洋服ダンス,ようふくだんす,粗大ごみ,,住
や,よ,よき,よき,粗大ごみ,斧も「粗大ごみ」へ。,ガーデニング、農業
や,よ,よろい,よろい,粗大ごみ,,趣味・レジャー用品
ら,ら,ライター,らいたー,有害ごみ,中身は極力、使い切る。使い捨てライターも同様,趣味・レジャー用品
ら,ら,ラケット,らけっと,燃やせないごみ,木製のものは「燃やせるごみ」へ,趣味・レジャー用品
ら,ら,ラジオ,らじお,小型家電回収ボックス・燃やせないごみ・拠点回収,電池は取り除く。  約16cm×27cm以下なら「小型家電回収ボックス」へ。  また、袋に入る大きさ・持ち上げても袋が破れない重さまでは「燃やせないごみ」へ出すこともできます。  それ以外は「粗大ごみ」へ。,電気製品
ら,ら,ラジカセ,らじかせ,小型家電回収ボックス・燃やせないごみ・拠点回収,電池は取り除く。  約16cm×28cm以下なら「小型家電回収ボックス」へ。  また、袋に入る大きさ・持ち上げても袋が破れない重さまでは「燃やせないごみ」へ出すこともできます。  それ以外は「粗大ごみ」へ。,電気製品
ら,ら,ラジコン,らじこん,小型家電回収ボックス・燃やせないごみ・拠点回収,電池は取り外す。,趣味・レジャー用品
ら,ら,ラッピング包装,らっぴんぐほうそう,燃やせないごみ,,日用品
ら,ら,ラップの芯,らっぷのしん,古紙回収,家庭用ラップのもの。紙袋等に入れ、雑誌とまとめて縛る。,食
ら,ら,ラップ,らっぷ,燃やせないごみ,店で買った肉や魚を包んでいた物は洗って「プラスチック製容器包装ごみ」へ,食
ら,ら,ランドセル,らんどせる,燃やせないごみ,,衣
ら,ら,ランニングマシン,らんにんぐましん,拠点回収,,趣味・レジャー用品
ら,ら,ランプ,らんぷ,燃やせないごみ,,趣味・レジャー用品
ら,り,リコーダー,りこーだー,燃やせないごみ,,趣味・レジャー用品
ら,り,リモコン,りもこん,小型家電回収ボックス・  燃やせないごみ,電池は取り除く。  約16cm×27cm以下なら「小型家電回収ボックス」へ。「燃やせないごみ」に出すこともできます。,電気製品
ら,り,リュック,りゅっく,燃やせないごみ,,衣
ら,る,ルーズリーフ（紙）,るーずりーふ,燃やせるごみ,,日用品
ら,る,ルーズリーフ（バインダー）,るーずりーふ,燃やせないごみ,,日用品
ら,る,ルーペ,るーぺ,燃やせないごみ,,雑貨
ら,る,ルームランナー,るーむらんなー,粗大ごみ,,趣味・レジャー用品
ら,る,ルームランナー（電動）,るーむらんなー,拠点回収,,趣味・レジャー用品
ら,る,ルーレット,るーれっと,燃やせないごみ・粗大ごみ,袋に入る大きさ・持ち上げても袋が破れない重さまでは「燃やせないごみ」へ。それ以外は「粗大ごみ」へ,趣味・レジャー用品
ら,れ,冷却枕（ジェルタイプ）,れいきゃくまくら,燃やせないごみ,,日用品
ら,れ,冷蔵庫(冷凍庫),"れいぞうこ,れいとうこ",家電リサイクル品,販売店へ。廃棄物運搬業者に頼むこともできる。リサイクル料金必要,電気製品
ら,れ,冷風機,れいふうき,拠点回収,,電気製品
ら,れ,レインコート,れいんこーと,燃やせないごみ,,衣
ら,れ,レコード,れこーど,燃やせないごみ,,趣味・レジャー用品
ら,れ,レコードプレーヤー,れこーどぷれーやー,粗大ごみ,,趣味・レジャー用品
ら,れ,レシート,れしーと,燃やせるごみ,,日用品
ら,れ,レジ袋,れじぶくろ,プラスチック製容器包装ごみ,,日用品
ら,れ,レトルト食品容器,れとるとしょっきようき,プラスチック製容器包装ごみ,汚れを取って出す。,食
ら,れ,レンガ,れんが,直接搬入,ただし、少量に限る,住
ら,れ,レンジ（ガス）,れんじ,粗大ごみ,,食
ら,れ,レンジ台,れんじだい,粗大ごみ,,食
ら,ろ,老眼鏡,ろうがんきょう,燃やせないごみ,,日用品
ら,ろ,ロウソク,ろうそく,燃やせるごみ,,雑貨
ら,ろ,ロッカー,ろっかー,粗大ごみ,最長辺の長さが１．８メートル以下。大きい物は清掃センターに問合せ。,住
ら,ろ,ロープ（麻製・紙製）,ろーぷ,燃やせるごみ,５０ｃｍ位に切断。長い状態では出さない,日用品
ら,ろ,ロープ（ビニール・プラスチック製）,ろーぷ,燃やせないごみ,1M以内に切って出す,日用品
ら,ろ,ローラースケート,ろーらーすけーと,燃やせないごみ,,趣味・レジャー用品
わ,わ,ワープロ,わーぷろ,小型家電回収ボックス・  燃やせないごみ・粗大ごみ,約16cm×27cm以下なら「小型家電回収ボックス」へ。  また、袋に入る大きさ・持ち上げても袋が破れない重さまでは「燃やせないごみ」へ出すこともできます。  それ以外は「粗大ごみ」へ。,電気製品
わ,わ,ワイヤー,わいやー,直接搬入,,その他
わ,わ,輪ゴム,わごむ,燃やせないごみ,,日用品
わ,わ,ワゴン台,わごんだい,粗大ごみ,,住
わ,わ,綿,わた,燃やせるごみ,,住
わ,わ,和ダンス,わだんす,粗大ごみ,,住
わ,わ,わら製品,わらせいひん,燃やせるごみ,,日用品
わ,わ,割れたびん,われたびん,空きびん,食品ビンは割れていても資源ごみの色別コンテナへ。色別に分けられる場合に限る,その他
わ,わ,ワンカップびん,わんかっぷびん,あきびん,,食